replicate,initial_volume_mm3,initial_mass_g,initial_activity_MBq,s_value_Gy_MBq_day,initial_dose_rate_Gy_day
213,91.58888319321073,0.09158888319321074,0.13458665018932128,20.5983633685787,2.772264725159431
215,145.65852611916574,0.14565852611916574,0.2140400932778865,13.222078443000322,2.8300549032673215
217,101.40517588870497,0.10140517588870497,0.14901134787208992,18.688810031141077,2.7848447728657666
218,92.46036292143388,0.09246036292143388,0.13586725907153713,20.412809257817045,2.7734324438097
221,87.08586891503191,0.08708586891503191,0.12796962870892728,21.614945309732512,2.7660565258502388
222,132.41060193249544,0.13241060193249543,0.1945727335276345,14.483425401595182,2.818079671231952
223,139.56916933163168,0.1395691693316317,0.2050919971414488,13.772773632273923,2.8246856504201445
224,117.25344739517654,0.11725344739517654,0.1722998267680198,16.267491928712477,2.80288604126732
225,103.3578874275504,0.1033578874275504,0.15188078896184348,18.351286086008052,2.7872078092074037
