"Parameter","mean","se_mean","sd","2.5%","25%","50%","75%","97.5%","n_eff","Rhat"
"C0",0.0397152678941439,0.000146059693029725,0.00462348088810642,0.0326673395959019,0.0365494573450275,0.0390931829016091,0.0420896370498958,0.0506542200320636,1002.02225271813,1.00286632276813
"k_bio",0.00216726691203365,3.03066324894236e-05,0.00102406415052706,0.000738017772634183,0.00142999692184216,0.00198662393132332,0.0026964955727853,0.00469096845638457,1141.77087595205,1.00025604524003
"sigma",0.366010414151256,0.00266635934710355,0.0829148218572717,0.245572774980073,0.308376888535952,0.350781980877129,0.409933475847993,0.561895633198889,967.001138942062,1.00044372211264
"k_eff",0.0065122545039294,3.03066324894236e-05,0.00102406415052706,0.00508300536452993,0.00577498451373791,0.00633161152321907,0.00704148316468105,0.00903595604828032,1141.77087595205,1.00025604524003
"TIA_model",6.17637686006424,0.0159202637109715,0.759755903814107,4.63946467368222,5.66307170436315,6.1625823977689,6.69113005331218,7.64688451643605,2277.44371407639,0.999458909677128
"mu[1]",0.0386839849039791,0.000138018824982323,0.00440402919507796,0.0319149864954019,0.0356714592201592,0.0381154226650726,0.0409824938264013,0.0490877678880087,1018.17804282648,1.00286426517057
"mu[2]",0.0386839849039791,0.000138018824982323,0.00440402919507796,0.0319149864954019,0.0356714592201592,0.0381154226650726,0.0409824938264013,0.0490877678880087,1018.17804282648,1.00286426517057
"mu[3]",0.0386839849039791,0.000138018824982323,0.00440402919507796,0.0319149864954019,0.0356714592201592,0.0381154226650726,0.0409824938264013,0.0490877678880087,1018.17804282648,1.00286426517057
"mu[4]",0.0386839849039791,0.000138018824982323,0.00440402919507796,0.0319149864954019,0.0356714592201592,0.0381154226650726,0.0409824938264013,0.0490877678880087,1018.17804282648,1.00286426517057
"mu[5]",0.03392473118514,0.000103711591446668,0.00349830203581375,0.0284068457741634,0.031510124009705,0.0334745666360944,0.0358007519364939,0.0422774076297748,1137.78448810191,1.0027149124145
"mu[6]",0.03392473118514,0.000103711591446668,0.00349830203581375,0.0284068457741634,0.031510124009705,0.0334745666360944,0.0358007519364939,0.0422774076297748,1137.78448810191,1.0027149124145
"mu[7]",0.03392473118514,0.000103711591446668,0.00349830203581375,0.0284068457741634,0.031510124009705,0.0334745666360944,0.0358007519364939,0.0422774076297748,1137.78448810191,1.0027149124145
"mu[8]",0.03392473118514,0.000103711591446668,0.00349830203581375,0.0284068457741634,0.031510124009705,0.0334745666360944,0.0358007519364939,0.0422774076297748,1137.78448810191,1.0027149124145
"mu[9]",0.0289967590794466,7.3948293468469e-05,0.00277006969455994,0.0243907019580856,0.0271000456650434,0.0286843197139991,0.0305468227406604,0.035154706982783,1403.21778282609,1.00216191352287
"mu[10]",0.0289967590794466,7.3948293468469e-05,0.00277006969455994,0.0243907019580856,0.0271000456650434,0.0286843197139991,0.0305468227406604,0.035154706982783,1403.21778282609,1.00216191352287
"mu[11]",0.0289967590794466,7.3948293468469e-05,0.00277006969455994,0.0243907019580856,0.0271000456650434,0.0286843197139991,0.0305468227406604,0.035154706982783,1403.21778282609,1.00216191352287
"mu[12]",0.0289967590794466,7.3948293468469e-05,0.00277006969455994,0.0243907019580856,0.0271000456650434,0.0286843197139991,0.0305468227406604,0.035154706982783,1403.21778282609,1.00216191352287
"mu[13]",0.0247997597060976,5.47117669129251e-05,0.00233750326984534,0.0206931243999624,0.0232056002960686,0.0245875737254445,0.0261778712959938,0.0296384484373214,1825.33664677051,1.00128396494176
"mu[14]",0.0247997597060976,5.47117669129251e-05,0.00233750326984534,0.0206931243999624,0.0232056002960686,0.0245875737254445,0.0261778712959938,0.0296384484373214,1825.33664677051,1.00128396494176
"mu[15]",0.0247997597060976,5.47117669129251e-05,0.00233750326984534,0.0206931243999624,0.0232056002960686,0.0245875737254445,0.0261778712959938,0.0296384484373214,1825.33664677051,1.00128396494176
"mu[16]",0.0247997597060976,5.47117669129251e-05,0.00233750326984534,0.0206931243999624,0.0232056002960686,0.0245875737254445,0.0261778712959938,0.0296384484373214,1825.33664677051,1.00128396494176
"y_pred[1]",0.0425829912268156,0.000394851203045107,0.0201488666284891,0.0186974848780215,0.0304261937975518,0.0385040906123468,0.0492590760117122,0.0935401621657893,2603.96002694753,1.00052392913965
"y_pred[2]",0.0423524715062814,0.000356934930661034,0.0182559273648146,0.0183769554310011,0.0303373499701253,0.0390136882003387,0.0503372891058619,0.0857174721935447,2615.95154685619,1.00335905864255
"y_pred[3]",0.0425153817863787,0.000463179366178974,0.021028619511347,0.0185774638755155,0.0305186936769082,0.0386599517044516,0.0492188583672456,0.0889120718423097,2061.21416262043,1.00072651046657
"y_pred[4]",0.0426652374928733,0.000389774945552633,0.0189356963377156,0.0179877323363273,0.0305110226108572,0.0389763147714089,0.0499212889802685,0.0892325273092959,2360.12345926464,1.00113870101651
"y_pred[5]",0.0420590159729828,0.000352638380658005,0.0180285803305234,0.0185274842546527,0.0301892338827204,0.0383093694397063,0.0495755988959727,0.0886091686523312,2613.74913208761,1.00028564854956
"y_pred[6]",0.0422481823440532,0.000389376036075739,0.0189438997073989,0.018461050579705,0.030111832448607,0.0384798992011042,0.0492590502253459,0.0901124216473957,2367.01130644788,1.00120507241725
"y_pred[7]",0.0414814450096362,0.000386749857135539,0.0175191875577728,0.0191133027302238,0.0297251681753324,0.0378727470367825,0.0491085591795071,0.0859576673964138,2051.95390414729,1.00178178944588
"y_pred[8]",0.0416440024706665,0.000355677771304161,0.0177045391853999,0.0181747408760821,0.0299471768223928,0.0383979439685556,0.0487884261369228,0.0868806802907041,2477.74042604582,1.00096172458706
"y_pred[9]",0.0415924794943622,0.000373438740118733,0.0180392648004145,0.0181361676146039,0.0298542958473172,0.0381581601300606,0.0489027618287589,0.0846081502140905,2333.45230775855,0.999503262990071
"y_pred[10]",0.0412024503218137,0.000347179367280431,0.0180443031307383,0.0182043161336969,0.0297502947451891,0.0377153561903429,0.0484166753621014,0.0851114335621584,2701.29748311359,1.00012876003781
"y_pred[11]",0.041253596081346,0.000392738493572192,0.0179981773964843,0.0181233187024946,0.0298388035631551,0.0374341578219573,0.0484815749745134,0.0868595790764073,2100.14904026198,0.999913833609649
"y_pred[12]",0.0414539226872754,0.000397139055781875,0.0184298116080595,0.0174079893011113,0.0298544209890971,0.0376224111136701,0.0490296782694558,0.0862113993255518,2153.55810448436,1.00042515831737
"y_pred[13]",0.0406396113761448,0.000335957895620832,0.0171726239859809,0.0183640402576068,0.0291994479168755,0.0373798870608662,0.0472741095069294,0.0840711711609125,2612.78465520603,1.00085765364896
"y_pred[14]",0.0409800022949993,0.000352917599545013,0.0177171175073532,0.0177307580947518,0.0292058037442723,0.0376773890391233,0.0487186805263794,0.084539121698343,2520.22605996271,0.999771467991647
"y_pred[15]",0.0408349652014063,0.000347499661243284,0.0179593179053948,0.017904934038082,0.0292500927636539,0.0373797482569256,0.0483021636159931,0.0871474329980035,2670.98165495986,1.00025296800547
"y_pred[16]",0.0404735169994511,0.000356369958571572,0.0184601789735925,0.0175716660139603,0.028707440881329,0.0367503083335178,0.0473055480120277,0.0851161268698121,2683.30253759144,1.00002897531691
"y_pred[17]",0.040627792339589,0.000382090061474525,0.0183965179526186,0.0177088280565825,0.0291724900887993,0.037203350365172,0.0475551188823426,0.0826262361651052,2318.1406057628,1.00098213250753
"y_pred[18]",0.0402604617772793,0.000347631646236572,0.0177864120883218,0.0177518962808727,0.0290422133374295,0.0370258128470794,0.0469699682724791,0.083949793138556,2617.80980582608,1.00010099199492
"y_pred[19]",0.0400993304332659,0.000375068069013076,0.0181927647230318,0.0179247041281989,0.0286469441204209,0.0366939491122076,0.0474496422441113,0.0800272009245646,2352.75779513246,1.00004947248271
"y_pred[20]",0.0396696067959851,0.000369047247395209,0.0175389632967559,0.0175157948283379,0.0285469597329546,0.0361791281335504,0.0465903421618665,0.080748884529211,2258.62378716409,0.999738485145956
"y_pred[21]",0.0401919691477591,0.000344359076544045,0.0172432128566472,0.0178276302409173,0.0288510065183022,0.0369014760249639,0.0464492441754128,0.086391423271549,2507.34046490375,0.999548573227165
"y_pred[22]",0.0399435583523345,0.000358123075304113,0.0178811291386342,0.0175613072318659,0.0287822142015072,0.0365334950486275,0.0466836702646758,0.0816694761080037,2493.01716594227,0.999754872457781
"y_pred[23]",0.0396098321136892,0.000361686366612265,0.0179546596672934,0.0180395227494314,0.0284788421130034,0.0359646102537411,0.045983343095872,0.0857990566901996,2464.28014155763,0.9998673543041
"y_pred[24]",0.0392905382160389,0.000385592816134543,0.0178088512324838,0.01664612924631,0.0282766096202702,0.035635193791759,0.0460592179750848,0.0818908652533529,2133.11339968103,1.00075271894076
"y_pred[25]",0.0399771049858282,0.000414497298358132,0.0192168947909735,0.0172386940349835,0.0288890617012706,0.0367277325693212,0.0464821630919102,0.0838081628356342,2149.42856659146,1.00063830475976
"y_pred[26]",0.0389382297837292,0.000330905390987806,0.0166300006319957,0.0176760749136206,0.0279775051670084,0.035591031386199,0.0460055345258783,0.0805219697445134,2525.67139911167,1.00030509656922
"y_pred[27]",0.0388150086125299,0.000356922201034575,0.0169569217057925,0.0171977573374948,0.0278752253692113,0.0356828280958801,0.0458697045423253,0.079049324511733,2257.07975254661,1.00243025582333
"y_pred[28]",0.0391238801863354,0.000340678761985065,0.0173302113401366,0.0168968236106057,0.0280161485995728,0.0355440851384126,0.0461525721947406,0.0824884678735641,2587.72187511418,1.00009244002653
"y_pred[29]",0.0389772276623916,0.000333588576309075,0.0168150959966138,0.017573240565894,0.0279027418244028,0.0359211691975458,0.0459731380591333,0.0797794920771348,2540.8344097695,1.0000380941384
"y_pred[30]",0.0387286689309115,0.000337882592079751,0.0170486970802397,0.0170565078767868,0.0277191578304952,0.0350647921171062,0.0453814938727414,0.0800676803041525,2545.95518174728,1.00063745106564
"y_pred[31]",0.0376293853572242,0.000334075831032342,0.0160787048120713,0.0164954314530829,0.0270315293747316,0.0345588643582759,0.0445570236676718,0.0760357916899735,2316.3917493402,0.999224039672741
"y_pred[32]",0.0386821361670989,0.000326728115860655,0.0168719829519806,0.0167555069256235,0.0274440025825697,0.0350956932425933,0.0456428878870579,0.0823774379825178,2666.60837741008,0.999355353616919
"y_pred[33]",0.0379755334410955,0.000314646601133785,0.0169760676612053,0.0169879950584245,0.0275797119772905,0.0347927177725135,0.0444586271069087,0.0765490259992592,2910.90549190163,0.999975218477875
"y_pred[34]",0.0379156160849926,0.000331638652445369,0.01701623202026,0.0166808840817255,0.0270575874348685,0.0344662992453805,0.0449388376214964,0.0798427032513328,2632.6705402744,0.999829905826351
"y_pred[35]",0.0378832816887958,0.00032238577099267,0.0158890448713562,0.016504671978152,0.0274013892611392,0.034792692698207,0.0448422790413907,0.0787316109645822,2429.09137785449,1.00178253628975
"y_pred[36]",0.0381634245657672,0.000340033039956906,0.0169759942259211,0.0168149127494038,0.0272423045276372,0.0346236174576685,0.0450929364456928,0.0783349460744679,2492.46002346747,1.00055093796188
"y_pred[37]",0.0378604408339978,0.000336985451046149,0.016727179354735,0.0164466853470799,0.0274429957141373,0.0347802555080026,0.0443895447664368,0.0769077952790884,2463.90026888847,1.00071048976118
"y_pred[38]",0.0373211324657827,0.000308156825078799,0.0155478587645533,0.0160750981744399,0.0267545104370726,0.0343313754765326,0.0440491074860989,0.0755106403558614,2545.64354837062,1.00012435999188
"y_pred[39]",0.037164556693638,0.000309011064271112,0.0163388815010225,0.0165480307457744,0.026560001073858,0.0339618426554144,0.0434817673735983,0.0771283857448126,2795.73875309943,0.999397031245413
"y_pred[40]",0.0369851845182241,0.000302134865293355,0.01514725881244,0.0164846463175708,0.0268724413191175,0.0341254326819945,0.0435614527943875,0.0757753995934139,2513.42773800474,1.00180518060049
"y_pred[41]",0.0371647098630324,0.000299274938795577,0.0159605679081816,0.0164099404016723,0.026761272800807,0.034247522436477,0.0439398590977167,0.0753482525305551,2844.17280384638,0.999636139318761
"y_pred[42]",0.0371424879986802,0.000341359158953472,0.0172075267135007,0.016460624792951,0.0265308781415501,0.0335821423457058,0.0434526023641185,0.0783856406416801,2541.05336145413,1.00039803468425
"y_pred[43]",0.0364784105127147,0.000291749689836405,0.0156997578414776,0.0162342301538498,0.0265102801545116,0.0333513652910757,0.0426394370162176,0.0774147827786008,2895.77691409258,1.00126326392043
"y_pred[44]",0.0363319569974781,0.000337478815965135,0.0164914269004125,0.0159903790459446,0.0262170165995718,0.0334079645487626,0.0427505769499198,0.074037341103035,2387.94013348506,1.000431123702
"y_pred[45]",0.0365631775000702,0.000364293046078235,0.0163658389348628,0.0166036493562623,0.0262615370413055,0.0336286270434,0.0430286443559838,0.0723999157483264,2018.24917279815,1.00185303187783
"y_pred[46]",0.036725899356321,0.000326886412668207,0.0161554910135659,0.0157060789886376,0.0261183733476054,0.0335806132447898,0.0433343720374106,0.0761881348623752,2442.56756567687,0.999532988453802
"y_pred[47]",0.0361930683243301,0.000307530331661576,0.0156867451357239,0.0160014599425097,0.0260403285488361,0.032841204809776,0.0425884036681221,0.0761940166842687,2601.89500834788,1.00006630130792
"y_pred[48]",0.0363695711990872,0.000313910854497601,0.0159230999094907,0.0161368815915899,0.0261181814824798,0.0332110368573828,0.0425072337434423,0.0764596086857188,2573.01651618601,1.000811905727
"y_pred[49]",0.0360383696182565,0.000323100174486657,0.0155988532712926,0.0160937097242529,0.02587744617122,0.0331366387795436,0.0426384893249218,0.0743678636041285,2330.83194048278,1.00008410287609
"y_pred[50]",0.0355856929556756,0.000302390247413371,0.0151514925097294,0.0154275077351745,0.0257466246244592,0.0328733357064285,0.0420094131897878,0.0708236689989215,2510.58696860716,0.9996004612369
"y_pred[51]",0.035257860347195,0.000288932151250184,0.0147513938962462,0.0153984780809263,0.0255369443207406,0.0324098101116686,0.0412042209364144,0.0727266099863823,2606.59991870662,0.999729004023009
"y_pred[52]",0.0360708624221378,0.000309017805980654,0.0160615130828422,0.0154838549747387,0.0258018315311796,0.0330958770702153,0.0425243522655889,0.0747220435839851,2701.50578674972,1.00015811097755
"y_pred[53]",0.0354701935640319,0.000312962185434815,0.0157752095243262,0.015705726389152,0.0255436026410705,0.0323848958829558,0.0416601439438345,0.0750891361793674,2540.77694950792,1.0014338197025
"y_pred[54]",0.0354330943395432,0.000301308925091462,0.0150267336463621,0.0160186341012316,0.025838432506442,0.0324665366488652,0.0416141545644766,0.0723565006992125,2487.16836227866,1.0007971012488
"y_pred[55]",0.0354142018676913,0.000335849431951942,0.0154822273926736,0.0150817130224413,0.0255766909591874,0.0323653304282714,0.0414644066231766,0.0746571136706078,2125.09156478857,0.99930025642384
"y_pred[56]",0.0353537276242797,0.0003335433199703,0.0158247796502089,0.0153252382396589,0.025267513714235,0.0322181006334421,0.0419001152217648,0.0728390183641328,2250.97591632499,1.00097853774428
"y_pred[57]",0.0353230158774221,0.000295395608381093,0.0147368644500178,0.0146974516262827,0.025603199237773,0.0325291994738417,0.0423207932635479,0.0701806268756565,2488.86940435163,1.00015102946051
"y_pred[58]",0.0344999581164057,0.000297563767882573,0.0150539514485687,0.0151440431534662,0.0249910934059704,0.0314554782483516,0.0405814879873095,0.0720271048612939,2559.41625272949,0.999912932955911
"y_pred[59]",0.0343965984108036,0.000270048943505784,0.0143809204013541,0.0151108951904231,0.024674310514915,0.0315073599961553,0.0406928079901139,0.0711408726458139,2835.8835916452,0.999363040072419
"y_pred[60]",0.0348582583247241,0.000309194493680566,0.0152893468945581,0.0154288578751363,0.024872477843005,0.031999271469982,0.0409396052218132,0.0747938165915886,2445.19988315973,1.0001491642981
"y_pred[61]",0.034693715266332,0.000280099140836201,0.0143975448914445,0.0148764197619339,0.0250592578408223,0.0319280648445246,0.0410592136998757,0.0708580579337985,2642.12481062046,1.00017899563474
"y_pred[62]",0.0344181773758725,0.000278148364214898,0.0144138027096434,0.0148285036753569,0.024969626577216,0.0319528287871562,0.0408245153017578,0.0679182731564354,2685.36995914228,1.00032457242603
"y_pred[63]",0.0338078822987398,0.000259435142020501,0.0139118439877951,0.0153215650155432,0.0245589465069572,0.0313168171449141,0.0397791125023512,0.0674983149531285,2875.48952870933,1.0002866252827
"y_pred[64]",0.0338257660222032,0.000283103794709161,0.015001542688557,0.0146691041879441,0.0243736601408838,0.0311893293647688,0.0402778892667936,0.0688507661945272,2807.89241055992,1.00093264356018
"y_pred[65]",0.0339520055714813,0.000277994458747374,0.0139703460365159,0.0149817597010671,0.0246585579839488,0.0311994161424534,0.0401537222596977,0.0679343833403541,2525.46903773211,1.00022031871393
"y_pred[66]",0.0339487752011984,0.000269729114460175,0.0143482870235058,0.0149543240420343,0.0245540120905808,0.0311944646125563,0.0401059293605718,0.0674735363329444,2829.7264765146,1.00027551334215
"y_pred[67]",0.0335993242069057,0.00032136368460464,0.0158585337686713,0.0148013175578979,0.0242068174932598,0.0309475338823575,0.0393049789165298,0.0687922891833558,2435.1878389066,0.999997123419095
"y_pred[68]",0.0334138876156065,0.000308374367764577,0.0144639520495629,0.0146458824178274,0.0242531849212281,0.0304898977015497,0.0393130367293089,0.0684145724713268,2199.97326208679,0.99949997754664
"y_pred[69]",0.0332307843250289,0.000278862959472195,0.013761250722781,0.0145563557104515,0.0242254820960242,0.0306302087328485,0.0392786028287571,0.0673612377026405,2435.19728529249,0.999607596074461
"y_pred[70]",0.0333493036389302,0.000270170703683052,0.014161912626325,0.0147633774591595,0.0238835904820499,0.0306702156544853,0.0392410207014907,0.0699023294791199,2747.68734403316,1.00105622475928
"y_pred[71]",0.0334785763167598,0.00028179692933946,0.0146305171824559,0.0150682675911846,0.0241139809370902,0.0304678536660079,0.0390687318848821,0.0710370956073659,2695.5465999412,0.999378107870406
"y_pred[72]",0.0333247497322639,0.000288839158850754,0.0146797004563296,0.0148856371177543,0.0239020102907363,0.0303354224493648,0.0391755435303577,0.0698187086092465,2582.98714245096,1.00118837219383
"y_pred[73]",0.0326874216198607,0.000265461527634322,0.0137419854496576,0.0144177286277275,0.0235591032775444,0.0301621244673288,0.0386708730197216,0.0640785538691991,2679.7593208931,0.999469499870326
"y_pred[74]",0.0327476773481299,0.000265407422528242,0.0135341536333166,0.014569639732469,0.0237720895414066,0.0303779734286646,0.0384783299898915,0.065704410644732,2600.37555836327,0.999485169566382
"y_pred[75]",0.0324913702935396,0.000262562265060345,0.01380547595139,0.014270071977964,0.0234055075471199,0.030075111200266,0.0382958601329382,0.0643333847929322,2764.63719717119,0.999826966610511
"y_pred[76]",0.0325285821079779,0.000258854453693466,0.0139866813566741,0.0138688143625174,0.0234219879083773,0.0300178175512328,0.03834207527624,0.0659759431730963,2919.56452968621,0.999737707171322
"y_pred[77]",0.0324059305090274,0.000294912134342102,0.014694295874015,0.0136831110143071,0.023321714860718,0.029659450720484,0.0381242835414955,0.0665283866654601,2482.63158310941,1.00060356870876
"y_pred[78]",0.0324525871656783,0.000275090860221701,0.0137688867848358,0.0145118110191972,0.0234859316646943,0.0300406014323301,0.0383499592836754,0.0661709020018453,2505.21691373622,0.999586312828351
"y_pred[79]",0.03243583572604,0.000307121026974732,0.0143178196436952,0.0139684410407289,0.0232924277498046,0.0295455126565342,0.0380658935301306,0.0676638239165638,2173.37502566777,1.00031648588207
"y_pred[80]",0.0319880426075809,0.000255290431008207,0.0133801414528735,0.0139937635472926,0.023179216744697,0.0292918268147649,0.0381501738423715,0.0636201566266712,2746.96000594697,1.00101571343366
"y_pred[81]",0.0321529195568586,0.000269894858660152,0.013814736126261,0.0140990276077165,0.0231398121514136,0.029338891500159,0.0377122111477264,0.0668237220713773,2619.96786582188,0.999682430568832
"y_pred[82]",0.0321029998203424,0.000279528445840348,0.0136386242313477,0.0142435397528954,0.0231599274285095,0.029621410036149,0.0378605199535336,0.064199214016296,2380.61468452085,0.999568591055495
"y_pred[83]",0.0317723489483182,0.000263365528169876,0.0140741632005953,0.0136477422980413,0.0225372216681804,0.0289458137162201,0.0379372915225262,0.0648383113144948,2855.79682241635,0.999277905815168
"y_pred[84]",0.0315949754329757,0.000247020792585993,0.0134863262949848,0.0136951024998794,0.0229021720462758,0.0291813311361326,0.0372647759389183,0.0635765691639973,2980.71397877019,0.999646853063556
"y_pred[85]",0.0318821935029117,0.000293399271568183,0.015135999229046,0.014322613482075,0.0229369806414883,0.0293549683985281,0.037386202092631,0.0641569644776294,2661.36310165844,0.99999487585076
"y_pred[86]",0.0310783550802594,0.000252373895817367,0.012929488699711,0.0139680601062154,0.0226480901984976,0.0286730274209783,0.036454376494183,0.0622716456310396,2624.66474745903,0.999092332017562
"y_pred[87]",0.0317354565155483,0.000270683017155477,0.0135647293983692,0.0137966078075367,0.0230301970979959,0.0294037625302704,0.0371820913274576,0.0660876544384508,2511.30956973477,0.999814461041694
"y_pred[88]",0.0312070395942987,0.000247092280063234,0.0128612670177199,0.0139766608727578,0.0223757014394125,0.0286706099548455,0.0369780685491329,0.0640414911655938,2709.25046119515,0.999230039118388
"y_pred[89]",0.0311415564384821,0.000268158675680966,0.0135662821967556,0.0141954345449438,0.0226687310869717,0.0287092696071346,0.0365194870370196,0.065321917434963,2559.3989599256,0.999655294016673
"y_pred[90]",0.0308452257882641,0.000236550910498645,0.0124875699579011,0.014171888794003,0.0221997934660806,0.0285427434065256,0.0365301503713891,0.0626159882876013,2786.80525286045,1.00016688043591
"y_pred[91]",0.0307913014947253,0.00027366068575888,0.0139028071842226,0.0130857553586524,0.0221183202666886,0.0284458564289301,0.0361914630001263,0.0616078713743288,2580.95348430016,1.00041012931535
"y_pred[92]",0.0307005019182498,0.000249152412370747,0.0132378683451531,0.0134655799435897,0.0225063297978167,0.0281805966404032,0.0360023912362791,0.0622404824199315,2822.96778522072,0.999752657199355
"y_pred[93]",0.030888115432462,0.000271379337633569,0.0136434808760162,0.0133555805918898,0.0221949079068235,0.0283333281588664,0.0362335538879234,0.0636569543753141,2527.53289613871,1.000771875374
"y_pred[94]",0.0309134270617005,0.000259465857307673,0.0135656543031584,0.0138253071128539,0.0220724065467458,0.0282820956946764,0.0362066183138204,0.0641072001265804,2733.51244587746,1.00023524747846
"y_pred[95]",0.0303189130816899,0.000253739417168178,0.0131720775280197,0.0135506568599333,0.0218728542016861,0.0279003827392802,0.0355835795197459,0.0614032123528264,2694.83811018748,0.999371449118213
"y_pred[96]",0.0306400203167491,0.000243214908861005,0.0132266609072828,0.0132034149573539,0.022196823405123,0.0280472392014658,0.0360930078149472,0.0623687134864533,2957.4679897995,1.00011408509085
"y_pred[97]",0.0300249035811464,0.000255889697345389,0.0130925120570291,0.0133203078992144,0.0214635027796,0.0276467542204667,0.0351625399648236,0.0638614878494574,2617.82351057575,1.00005598463664
"y_pred[98]",0.0301022843764643,0.000234439526211486,0.0123286468639985,0.0131461393944893,0.0220179999094059,0.0278566572629701,0.0357170002788155,0.0614739507459261,2765.47130177859,1.00004569362578
"y_pred[99]",0.0304641655679057,0.000292363300029276,0.0130305094371732,0.0134091942624996,0.0219848901718586,0.0280152675669126,0.0359285974829188,0.063949472851911,1986.44744535568,1.00080469366686
"y_pred[100]",0.0298080706130733,0.000225636532111717,0.0122355062047616,0.0129452649186071,0.0216569908569445,0.0276457206236622,0.0352922588087957,0.0608670043836611,2940.52618195543,0.999548197346662
"y_pred[101]",0.0296306119567736,0.000239418956394558,0.0128684837582328,0.0135479651797947,0.0214103579997135,0.0272265328909601,0.0346267246120862,0.0590317772757267,2888.93446891954,1.00049542210355
"y_pred[102]",0.0299738289623542,0.000241026775692612,0.0128716814986427,0.0130102123603894,0.0216352880476774,0.0276018682674413,0.0355823387846623,0.0605431717034701,2851.93739407232,0.999452546291726
"y_pred[103]",0.0299306770112871,0.000241179801724811,0.0129865632750866,0.0130039755424864,0.0214541666123053,0.0274294564354929,0.0349373324610531,0.0626485738878346,2899.38978319233,0.99947270170949
"y_pred[104]",0.0297948504641536,0.00026753367179849,0.0138210463066676,0.0130069875092897,0.0214186193707727,0.0272819193413074,0.0344316098130669,0.0628527727604953,2668.85478396326,1.00012868483476
"y_pred[105]",0.0296354868630693,0.000246204073499417,0.0122968737498608,0.0127530485114586,0.0213677553064082,0.027469481580352,0.0348359702447965,0.0600912877010688,2494.58875401089,1.00005096012186
"y_pred[106]",0.0297458397775397,0.000250351417744016,0.0129602728461613,0.0128717310977913,0.0213412135788908,0.0271889671778561,0.0353178585123411,0.0591692549810026,2679.95917892091,1.00090904007132
"y_pred[107]",0.0295766028433674,0.000234972745550742,0.0126692039678122,0.0131779546487127,0.0214453174362603,0.0273232674830257,0.0343724991154215,0.0605934028447266,2907.12478222704,0.999956547573504
"y_pred[108]",0.0293143143630536,0.000239231353459671,0.0124800394110771,0.0128545623215326,0.0209808868436622,0.0269691425026416,0.0348640301478603,0.0611543669251245,2721.42092033009,0.999523490639276
"y_pred[109]",0.0288934760432617,0.000239295074918319,0.0121653253675002,0.0130116092533624,0.0210064748717799,0.026479961973146,0.0341134391950106,0.058601218128887,2584.5202379531,1.00024241575669
"y_pred[110]",0.0291014033666452,0.000228405352121728,0.0124184742968661,0.0126883378961399,0.0208523423089937,0.026662463279146,0.0343315077293012,0.0615252571508223,2956.13275014566,0.999745765098161
"y_pred[111]",0.029000912878532,0.000239003742060148,0.0126609191861896,0.0124388354218025,0.0208370060982909,0.0266036405461105,0.0338814465303135,0.061673003760548,2806.21584195516,0.999533186104313
"y_pred[112]",0.028580564897684,0.000288890430261565,0.0145125653678097,0.012315903537366,0.0206782273126842,0.0263532113084137,0.0328460034837324,0.0578570249759386,2523.60899316541,1.00066529216091
"y_pred[113]",0.0289171055570524,0.000235300407476641,0.0123443704581599,0.0123447412561462,0.0208907120982845,0.0265805717884047,0.0340554394241578,0.060147213012,2752.27949517163,0.99999911959321
"y_pred[114]",0.0284617428689407,0.000216676913941847,0.0118515940661519,0.0128851324320139,0.0206446572991782,0.0260276521249506,0.0336107946709461,0.0596801190245076,2991.77034349275,0.999352116113949
"y_pred[115]",0.0289853128455427,0.000259603886124848,0.0126870555879435,0.0126398854568193,0.0208236314435682,0.0264738058902024,0.0342153387804421,0.0600503942203337,2388.35734785988,1.00164449735933
"y_pred[116]",0.0282827058856276,0.000231358470409115,0.0121930090487812,0.0121761591112555,0.0203085418100884,0.0263152116400532,0.0335790772120817,0.0570454102127383,2777.48027585362,0.999847245370632
"y_pred[117]",0.028434224714583,0.000248255460498668,0.012541850030694,0.0123384247941556,0.0205701484593084,0.0260692008561471,0.0332902876903981,0.0587418054898364,2552.26395568692,1.00030819767505
"y_pred[118]",0.0281204202697106,0.000233015793200887,0.0123311119842172,0.0123957713410638,0.0201510354039602,0.0259448758343258,0.0330577983187048,0.0580554046247721,2800.48834029492,0.99921554863396
"y_pred[119]",0.0283953169312128,0.000227260485250291,0.0126138069696529,0.0123287528004565,0.0205643560990673,0.0258294142819058,0.033267050125037,0.0564758392582527,3080.66519504109,0.999467068100623
"y_pred[120]",0.0280364936659401,0.000242334528841015,0.0119959095789086,0.012223576558159,0.0204781449522195,0.0257074079429562,0.0332350700657226,0.0556685702790796,2450.3931501874,1.00174648137455
"y_pred[121]",0.0279639049235952,0.000219477632463987,0.0117902716446551,0.0122963721897552,0.020101928030089,0.0258626986192421,0.0326864696236845,0.0578615568124611,2885.80571380242,0.999685287195913
"y_pred[122]",0.0281213962500444,0.00023506441213041,0.0124163410975653,0.0121180769756208,0.0203578945567848,0.0257067462931941,0.0329688319393537,0.0578523915055224,2790.05974178607,0.999359537818585
"y_pred[123]",0.0275084644780954,0.000220744163897976,0.0115466833628833,0.0121323101158325,0.0199861089612245,0.025272601172222,0.0324878822952831,0.055296250029279,2736.12574445276,1.00308014327988
"y_pred[124]",0.0270481209806038,0.000226343457314088,0.0113912985671505,0.0117222401468016,0.0198367741062634,0.0249800334595427,0.0322433210122784,0.0541142096384117,2532.856464317,0.999586420502258
"y_pred[125]",0.0273622219999793,0.00023012593703256,0.0114521807096256,0.0117262477458469,0.019809872928578,0.0252373716196571,0.0323830936387139,0.0543486552092187,2476.5394184498,0.99976896050622
"y_pred[126]",0.0272370847087196,0.000208299669153839,0.0109171181154958,0.0119177289378306,0.0198167912731051,0.0256025952187426,0.0321515245874392,0.0544225896414057,2746.87475412565,1.00020048819603
"y_pred[127]",0.0272535513772018,0.000220928360481627,0.0115296465055273,0.0118334900037834,0.0197009902029763,0.0250723500058882,0.0320013286762169,0.0557642511880201,2723.51044442957,0.99987652322841
"y_pred[128]",0.0273667488916019,0.000229032759238442,0.0119233990403848,0.0119910253162996,0.0196224813935644,0.0248144695047423,0.0321814410086239,0.0560988046764136,2710.22250372361,0.999992667015661
"y_pred[129]",0.0269037968187687,0.000218122076422744,0.011352867291312,0.0117219789967751,0.0195093736093541,0.0247905071783865,0.0316426738307405,0.054223782109408,2709.01790709408,0.999530312703816
"y_pred[130]",0.0268122288567287,0.000215910974048025,0.0113164287584242,0.0116383303154844,0.0194114194731409,0.0244883210950373,0.0320097050754064,0.0546589523410475,2747.06764675989,0.999845443455389
"y_pred[131]",0.0270661027675357,0.000221781958901771,0.0114515739557039,0.0118625506470164,0.0194801252395369,0.0251389300826279,0.0320147847497376,0.0550355624954018,2666.10920386321,1.00042894299641
"y_pred[132]",0.0269328050499995,0.000218799657292037,0.0111556585639057,0.0115235893587305,0.0194206929551842,0.0247778077218818,0.032061957082351,0.0539187907945859,2599.54387746409,0.99970290541653
"y_pred[133]",0.0267118906438027,0.000224445329865609,0.0121736027060378,0.0114789882383542,0.0194035468992264,0.0249393283061184,0.0317018802296622,0.0531047841225307,2941.8268114145,0.999528234327996
"y_pred[134]",0.0266943651929535,0.000202764188820106,0.0110584603740928,0.0115003564105215,0.0192557897621195,0.0247169831136634,0.0315982999745067,0.0538979836030987,2974.45102819237,0.999660495508254
"y_pred[135]",0.0266779132344291,0.000224906478337671,0.0117784826141968,0.011799109171435,0.019061965461618,0.0243491409867429,0.0313696990728193,0.0555260461728579,2742.67760198533,0.999665937722816
"y_pred[136]",0.0263901376013498,0.000217529706253822,0.0115085164976588,0.0113824449673007,0.0192237808642545,0.0241689863360156,0.0310321312936723,0.0531571250066402,2798.99126066597,1.00044783327788
"y_pred[137]",0.0264227259052282,0.000216849666734039,0.0116976080798672,0.0115696089143586,0.0193749440706633,0.0242235194330038,0.0312737804195493,0.0542154660137358,2909.89028782033,0.999976583967646
"y_pred[138]",0.0262429157566508,0.000210158298460385,0.0115735805293346,0.0113966346639015,0.0187180652949448,0.0243197244949066,0.030662242654936,0.052679590565318,3032.79034318535,0.999839949252648
"y_pred[139]",0.0259920715912097,0.000200348054484546,0.0107834768446967,0.0116072908140637,0.0189821838561124,0.0238927088761646,0.0304531804957693,0.0527665448492271,2896.99243573228,0.999567114877269
"y_pred[140]",0.0262596243573112,0.000206277957273032,0.0110963984093275,0.0114876721828289,0.018756159263531,0.0242196727601637,0.0309055983898353,0.0548635392768537,2893.7328786615,0.999562270461674
"y_pred[141]",0.0260671974260588,0.000204413941268208,0.0108529700112009,0.0110201866227955,0.0189153391053983,0.0241995548900501,0.0307646359313228,0.0532094980618158,2818.87736425873,1.0004713646982
"y_pred[142]",0.0257525209892026,0.000202066999344652,0.0105310383556473,0.0114383671675628,0.0187367455765695,0.023854578980915,0.0304213229350712,0.0529268173682496,2716.13657949731,1.00025356901682
"y_pred[143]",0.0257003179333764,0.000201709779405662,0.0109686956153979,0.011363717969691,0.0183248661134707,0.0237074258492322,0.0300119234638779,0.0528393885665269,2957.03224849615,1.00024852544817
"y_pred[144]",0.0253234456051182,0.000203584039188967,0.0107766483302445,0.011186237232197,0.0181815652562982,0.0232575823793286,0.0296990540067361,0.0509515426167154,2802.0763750794,0.999377590398644
"y_pred[145]",0.0256566619465335,0.000230010354875863,0.0111170696044998,0.0107299001023356,0.0184267664328752,0.0238759383965263,0.0304669655692317,0.05198272018372,2336.07011477184,1.00040165066831
"y_pred[146]",0.0254502177767246,0.000200159895201869,0.0110561904963958,0.0111167199346465,0.0183990292449086,0.0233731343395335,0.0302587968594699,0.0496253990415384,3051.10318956175,0.999831019708215
"y_pred[147]",0.0257068131821099,0.000213757214916781,0.0112582395602356,0.0113056780381227,0.0184757023333535,0.0236302750119355,0.0303883867128613,0.0524837240165321,2773.95496851274,0.999265398511251
"y_pred[148]",0.0250855309779694,0.000190377007759604,0.0104063995159155,0.0108166918276533,0.018201917633801,0.023178373266003,0.0297899222742793,0.0505478248278746,2987.94085807757,0.999220690841112
"y_pred[149]",0.0248968150038319,0.00018643573296723,0.0100402753911162,0.0106510188746579,0.0182121363581449,0.0231385437228428,0.0293324113465489,0.0498838073765184,2900.23334297562,0.999410666951606
"y_pred[150]",0.0249708443927131,0.000194996274769806,0.0104778770800564,0.0110196684115575,0.0179959795687101,0.0230298856454773,0.0296997799656948,0.0504030559198931,2887.31368491435,1.00055386699459
"y_pred[151]",0.0248639428622414,0.000195240920538893,0.0100011139594995,0.0107338466725914,0.0182150764760974,0.0229694812354991,0.0294121966312182,0.0502475834295661,2623.94699979164,1.0008525163295
"y_pred[152]",0.0247606221209547,0.000191576177865521,0.0101952405530028,0.0109392107002412,0.0181048867840414,0.0229102270266736,0.0290335525699975,0.0489583326009172,2832.12192222937,0.999975624252097
"y_pred[153]",0.0251092079263925,0.000215078876400497,0.0109612878403781,0.0107904876676892,0.0178560825151863,0.0233345704515754,0.0300023688056712,0.0505513717881728,2597.33307946225,1.00162553395833
"y_pred[154]",0.0249270747907861,0.000199073281833204,0.0102504279355254,0.011094021842084,0.0180017824127312,0.0231321445735453,0.0295649062937846,0.050054732503863,2651.29492956561,1.00076322897106
"y_pred[155]",0.0245505854067227,0.000184025864248398,0.00996608388262214,0.0107940417454901,0.0177846426404144,0.0227330074679331,0.0291464292393297,0.0486446691752251,2932.86008104704,0.999844574522377
"y_pred[156]",0.0249170669468431,0.000197723911323264,0.0107539023070975,0.0107267746962027,0.0178749680234021,0.0230756026468022,0.0293812241593905,0.0514657415250331,2958.10637742365,1.00287191278362
"y_pred[157]",0.0245196224452934,0.000180934857253447,0.00969304629957153,0.0108777026595174,0.0179138407517978,0.0227515787723565,0.0291559757478714,0.0483787416309382,2869.96162775725,1.0016955350876
"y_pred[158]",0.0244257390688787,0.000202224495500532,0.0106011175170343,0.0109665785682233,0.0176788406779089,0.0223289187648193,0.0285461810517029,0.0493899943704601,2748.12052909779,1.0003304445264
"y_pred[159]",0.0242404616299776,0.000189286693815034,0.0100835103868611,0.0109296640396799,0.0174012860206666,0.0223746679280333,0.028645754392949,0.0494128482976846,2837.81009069082,1.00031090662933
"y_pred[160]",0.02408068167398,0.000189937619088625,0.0102872842352144,0.010425312537696,0.0172424483413712,0.0221611720826423,0.0280289906437669,0.0506110494565076,2933.45546644284,1.00031905039088
"y_pred[161]",0.0242754010222207,0.000186958846656378,0.0100122820013707,0.0108484435070488,0.0175624922504455,0.0223687077429183,0.0284334201481229,0.0493578812236306,2867.96671047774,0.999539580781305
"y_pred[162]",0.0243828731695898,0.000234392749668188,0.0124273069789984,0.010406865179273,0.0175601150640026,0.0222786207190178,0.0285428682459869,0.0503845268590759,2811.03145445538,0.999855223914943
"y_pred[163]",0.0238814906571665,0.000186485598112298,0.00972777510511863,0.0103954525767883,0.0173495569098862,0.0222490487466742,0.0282540278171535,0.0468349756989294,2721.0495338445,0.999341394946597
"y_pred[164]",0.0242139594138045,0.000193596327097522,0.0100262411114119,0.0104058545193891,0.0175044761929721,0.0221648694974578,0.0286390595651691,0.0508145282902912,2682.14381896891,1.00041126208629
"y_pred[165]",0.0236772807148014,0.00018399577958656,0.00983909136790565,0.0102052103305707,0.0171397658270303,0.0217864560072494,0.0281828463725193,0.0483887696007879,2859.52741203381,0.999763086962234
"y_pred[166]",0.0238151404032532,0.000184403080903005,0.00986650742899524,0.0100912529499358,0.017191786558355,0.0219566888685223,0.0283092117345585,0.0471478358342747,2862.79697075001,0.999238366199208
"y_pred[167]",0.0237476707465382,0.000185749374293717,0.0100849180430291,0.010110351314334,0.0169557972059496,0.0219258391662078,0.0281904062613218,0.0488945364766091,2947.74578739572,0.999175587344568
"y_pred[168]",0.0237035153866547,0.00019111105400425,0.0102848204566061,0.0104690491720434,0.0171113653963503,0.0217188921884522,0.0280869533883823,0.0480793252633638,2896.15508324712,0.999329573038599
"y_pred[169]",0.0234019101573874,0.00017304846456788,0.0094798074117596,0.0101925062224954,0.01687388457917,0.021734021283128,0.02762309966573,0.0471114249576519,3000.98295335464,1.00004775567819
"y_pred[170]",0.0233817199672336,0.000187601415464514,0.009828478881238,0.0102277794322006,0.0166678420156443,0.0216022468437085,0.0278609167091199,0.0464794424921826,2744.73484598937,1.00026658504271
"y_pred[171]",0.023194576687124,0.000175121283893166,0.00967847748974971,0.0102288517403494,0.0168425913749963,0.0216549555539959,0.0272021547528258,0.0463926716020333,3054.4725282298,0.999722414301369
"y_pred[172]",0.0232245687914203,0.000233891747868924,0.0112826688138121,0.00980449837086011,0.0167940841627955,0.0212513866903254,0.0273145138155929,0.0476171015241033,2326.98659657564,1.00018645064124
"y_pred[173]",0.0231461854431304,0.000204625348048891,0.00974929840468841,0.0100266621852859,0.0167237851275161,0.0212518388895447,0.0272484767916397,0.0481178460981458,2270.01049228565,1.00034436500535
"y_pred[174]",0.0233685559432621,0.00019706166747952,0.0103419327848635,0.0100458829620914,0.0166633438294817,0.0214200292923915,0.0276486064236872,0.0481067676249025,2754.22309078355,1.00040088682437
"y_pred[175]",0.0230638427638628,0.000184303052319297,0.00992743970040422,0.0102184407617999,0.0167084083231996,0.0212890949558955,0.0270998342509203,0.0462118629871925,2901.41238152344,1.00013890453619
"y_pred[176]",0.0227111216564651,0.000175340980537382,0.00919479610712412,0.00988980219184321,0.0164665956983467,0.020933816903819,0.0268903561516375,0.0443821687742058,2749.90281006897,0.999356291180996
"y_pred[177]",0.0232560567674056,0.000186236675421876,0.00957439544232542,0.0102559325844769,0.0169433435861976,0.0213887165741646,0.0276711677459522,0.0471666806193402,2642.97041034923,1.00037627538055
"y_pred[178]",0.0226052603413917,0.000168320484347992,0.00920959963302876,0.00988199067648626,0.0163829461035357,0.0209182944548389,0.0270277133340808,0.0443723751145032,2993.69503369095,1.00083526724027
"y_pred[179]",0.0223688393225756,0.000171130131967865,0.00930257370405214,0.0094919056710795,0.0161160178915441,0.0205663223251788,0.026665572330441,0.0452733478666195,2954.97131040852,1.00017125741285
"y_pred[180]",0.0225798897992091,0.00017948537447402,0.00918634959644476,0.00972661696940654,0.0165061727064133,0.0209818372127989,0.0266150327163069,0.044613774463772,2619.55672279182,0.999679140070446
"y_pred[181]",0.02246706347082,0.000166963911576714,0.00943565731742822,0.00977379630470552,0.0163700770241974,0.0207229566782093,0.0264289499599688,0.044783185264524,3193.73662244878,1.0016199600783
"y_pred[182]",0.022412912590733,0.000180951386878517,0.00986829892519316,0.00969886352841795,0.0160977169297562,0.0206036555321666,0.0261553010525225,0.0472948105507188,2974.13556781944,0.999397465243348
"y_pred[183]",0.0222080653829652,0.00016173273207027,0.00897482303012,0.00976507650036891,0.0162918267777098,0.0205859609160206,0.0259935321342802,0.0446827331271277,3079.32793300915,1.00038467539434
"y_pred[184]",0.0224074324458523,0.000178290613265702,0.00934701704852211,0.00954153751192762,0.0161327129855403,0.0208042760693754,0.0263798881639125,0.0454666194268853,2748.45804577302,0.99958335465077
"y_pred[185]",0.0224238474339709,0.000184495822376532,0.00989754880335554,0.00970687737730081,0.0160307127574578,0.0205111034538864,0.0265005823567993,0.0450396488457471,2877.94328003075,0.999112122675579
"y_pred[186]",0.0220492984652811,0.000182148019465018,0.00929338430750973,0.0095050548389552,0.0159357034902597,0.0203433005268293,0.0259761605461355,0.0442017660394248,2603.14815877017,0.999767747155694
"y_pred[187]",0.0220388488484876,0.000168958108467367,0.009501490180651,0.00947228239769608,0.0159448246163295,0.0203521691382063,0.0261116129829381,0.0447437780997726,3162.46239547863,1.0001807409066
"y_pred[188]",0.0220088156840149,0.000178903636341085,0.00931365748216003,0.00975793691235484,0.0160412678688742,0.0204652516349799,0.0257484648054527,0.0440363462280905,2710.20529025,1.00086528321732
"y_pred[189]",0.0218569220040517,0.000173142024480659,0.00917179656592308,0.00977644745760918,0.0159131477826328,0.0201037241324761,0.0259211013409804,0.0430896254121712,2806.10452566912,1.00002823385385
"y_pred[190]",0.021845259255875,0.000165268534399693,0.0090331458159071,0.00926592651282136,0.0157664181563017,0.0201476381581463,0.0261796112021012,0.0437433950741174,2987.42967077121,0.999956740556586
"y_pred[191]",0.0219140939679434,0.000166095650360101,0.00895299015938531,0.00984702243768798,0.015871568458535,0.0203882357113898,0.0257871163329617,0.0431792574557808,2905.49207574059,0.999762018235263
"y_pred[192]",0.0220274690718167,0.000187466578292295,0.0095496216810781,0.0094839931656338,0.0158701306292668,0.020376031360125,0.0259556678684073,0.0456343046703584,2594.92391534622,0.999296327906484
"y_pred[193]",0.0217608967533554,0.000165038764083707,0.00905999378055969,0.0092961995658111,0.0158375909546545,0.0201546828957586,0.0255581207503353,0.0442718741579176,3013.58797110002,1.00001336112083
"y_pred[194]",0.0214002894821644,0.00018616218900915,0.00908898506237706,0.00921808518918761,0.0156369720730976,0.0195603083343267,0.025159895139919,0.0438775654562884,2383.67930140817,0.999500788240109
"y_pred[195]",0.0211012091880535,0.000167193033365865,0.00902174878947791,0.00895540115201383,0.0152411378871436,0.0193589274332838,0.0250148047495005,0.0421275919413218,2911.68980346546,1.0007658423089
"y_pred[196]",0.0213191542629588,0.000166651580476651,0.00914035494398971,0.00929152235307453,0.0154272376852784,0.0196994448282896,0.0252747362193003,0.0421205988272788,3008.20374942936,0.999597408784822
"y_pred[197]",0.0213477822773597,0.000174204920190622,0.00896692315245848,0.0088460357173712,0.0154159600112112,0.0198943866933384,0.025258931613694,0.0429176324329046,2649.51304297756,0.999549287534262
"y_pred[198]",0.0211981392459276,0.000166609576346828,0.00890259695183289,0.00890813428811402,0.0151544295570063,0.0196185480520322,0.0252327083584626,0.0430496095726543,2855.18007223404,0.999946988644556
"y_pred[199]",0.021121953036574,0.000159266387108586,0.00893997700722493,0.00921032374775754,0.0150536134567084,0.0193864798346818,0.0250904855261181,0.0422288053693481,3150.82691684409,0.999515354476112
"y_pred[200]",0.0209509245659231,0.000164812787113703,0.00868621446579866,0.00903161752550358,0.015342398980941,0.0194579112886691,0.0247080633961628,0.0418894918280971,2777.66130428677,0.999719168383023
"y_rep[1]",0.0421681271601488,0.000353842765844414,0.0183725435165506,0.0182989120319828,0.0303636903160046,0.038490360556639,0.0493556492308085,0.0893946134959699,2695.98782905272,0.999276182624428
"y_rep[2]",0.0420847187624745,0.000431872244352918,0.0193596799732476,0.0182351300027459,0.0296916324727419,0.0380464502460323,0.0496304996850913,0.0893192542206608,2009.48958920623,1.00011200721396
"y_rep[3]",0.0417221122436477,0.000394948769527811,0.0186254462653838,0.0184337856811928,0.0298423736789418,0.0383005856554825,0.0488395643692405,0.0881557979695787,2223.98495131601,0.999784404289991
"y_rep[4]",0.0420661897509955,0.000390127173770658,0.0189066481070357,0.0182272768732967,0.0299211168620355,0.038799014192888,0.0493369643501308,0.0883330050685443,2348.64122236277,1.00111911238047
"y_rep[5]",0.0369413011272308,0.000331317310101603,0.0165795275040078,0.0162597007604528,0.0264947077180022,0.0336841310372327,0.0433718034618062,0.0788255780317846,2504.12523948785,1.00101013123314
"y_rep[6]",0.0365996894336897,0.000364011419368803,0.0170631176211901,0.0161468763908885,0.0263149725887068,0.0335119434096361,0.0428016260635785,0.0766116643472029,2197.28683101643,1.00052713132221
"y_rep[7]",0.0366620846124568,0.000331550409883222,0.0162288274068509,0.0158517804638884,0.0262719837116028,0.0334184023466832,0.0428336010230784,0.0770002234334463,2395.93562371599,1.00125615014278
"y_rep[8]",0.0361329765981764,0.000285306892878932,0.0148066753378663,0.0161452278407102,0.0262724629112781,0.033447397967793,0.0426357918367421,0.0746601627131024,2693.33626879176,1.00011011888905
"y_rep[9]",0.031354434555493,0.000285533408474303,0.0150784886567793,0.0138509791184772,0.0223740577941104,0.0287103970792569,0.0367150076910822,0.0650032073669264,2788.69981574563,1.00045759135808
"y_rep[10]",0.0311552228365155,0.000279339310859907,0.0142778747650361,0.013475664234028,0.0224291827482869,0.0287881459038352,0.0361610870765013,0.0638508845654747,2612.54044107456,1.00030509060781
"y_rep[11]",0.0310166002104226,0.000234430965472387,0.012571755799367,0.0136221210759629,0.0224146943610522,0.0289235557602271,0.0367078781204177,0.0611675143582914,2875.8214629186,0.999543383152554
"y_rep[12]",0.031235224403449,0.000255683744332347,0.0131572597662967,0.0135450614192961,0.0225019043013823,0.0287203006764254,0.0370991973201508,0.0648993248110003,2648.0407432302,0.999467933032623
"y_rep[13]",0.0261050066679821,0.000196923722812854,0.0104885945544167,0.0114511970171939,0.019091305246106,0.0241270318152329,0.0304898090674909,0.0529460011786542,2836.8640288798,0.999547179922178
"y_rep[14]",0.026592038533623,0.000203232548200179,0.0109779563143005,0.0119531251086563,0.0192195168479466,0.0245821003307046,0.0313849757900439,0.0528727148686016,2917.80639214441,1.00002460839068
"y_rep[15]",0.0264242058497236,0.000214107789958113,0.0116314810670909,0.0111883202578725,0.0190371202364973,0.0241400271091996,0.0313217072585108,0.054177816745686,2951.24387584815,1.00031928997027
"y_rep[16]",0.0269705756765242,0.000206663880931335,0.0112370313539141,0.0117512720472637,0.019361773503078,0.0249306912466674,0.0319726853682871,0.0553200773093924,2956.47372627338,0.999402143963159
"half_life_eff",108.788041281093,0.453573415154559,15.3448988454646,76.709888472796,98.437667808118,109.474054378247,120.025809308755,136.365620602588,1144.54500991857,1.00044365624894
"half_life_bio",399.457237879649,6.37265819474501,217.525873812175,147.762063965349,257.05481889552,348.907111483513,484.71945925753,939.201236101263,1165.14665698962,1.00139236185324
"lp__",-20.7314332097912,0.0407033548447653,1.2502943198797,-23.8997296782647,-21.3297693338772,-20.4179447997576,-19.7937717421644,-19.285901719918,943.548229953482,1.00066175893181
